ds,yhat,yhat_lower,yhat_upper
2025-07-17 13:50:00,23.647660990829806,-12.088521088768083,57.54416061346517
2025-07-17 14:50:00,22.604152695311644,-12.599448777001065,57.31489370727952
2025-07-17 15:50:00,20.489140121519107,-15.955680222760401,55.519191299339106
2025-07-17 16:50:00,18.732109901391034,-13.863961520112452,51.419782454989765
2025-07-17 17:50:00,18.334735634018628,-14.518638796118266,51.77581252278607
2025-07-17 18:50:00,18.89383273693449,-12.586282874891761,52.430667568683866
2025-07-17 19:50:00,19.019500562956264,-14.821034451059347,55.00255683245681
2025-07-17 20:50:00,17.730554423937974,-17.376364854672023,49.594486474544496
2025-07-17 21:50:00,15.437980520920261,-18.546832379265012,47.852255768702335
2025-07-17 22:50:00,13.540031871447745,-22.659271170892268,45.232829901690664
2025-07-17 23:50:00,13.037122571621515,-19.97140536619258,46.35877877108646
2025-07-18 00:50:00,13.549499440607981,-23.106945393837073,49.27031151332159
2025-07-18 01:50:00,13.714861188446084,-21.717477414966485,48.4686048308163
2025-07-18 02:50:00,12.564589382409554,-22.799305382295483,45.688620214028504
2025-07-18 03:50:00,10.503535654479185,-24.251578173804806,43.442982296958576
2025-07-18 04:50:00,8.919555259705092,-27.07400021353392,44.32430172720766
2025-07-18 05:50:00,8.820132537121268,-27.94658738736611,43.421845310610664
2025-07-18 06:50:00,9.861776439616515,-23.2316172844363,45.473776399320094
2025-07-18 07:50:00,10.736916026552755,-26.70080635223812,44.81240451220723
2025-07-18 08:50:00,10.518212228460893,-24.262015392405914,43.47115960485182
2025-07-18 09:50:00,9.600897926192827,-24.333631872809327,44.61855437513312
2025-07-18 10:50:00,9.29121357591443,-26.25403945746,43.944421572746386
2025-07-18 11:50:00,10.453771374460839,-24.956784004002966,43.7543869419424
2025-07-18 12:50:00,12.582940982621205,-22.451692055971307,48.211101713066725
2025-07-18 13:50:00,14.245383039575415,-18.989162026539876,46.55974949030065
2025-07-18 14:50:00,14.46769932137078,-24.26088785567481,50.51190001643878
2025-07-18 15:50:00,13.689157287816885,-19.56492076440136,48.25232238963474
2025-07-18 16:50:00,13.32321035241159,-22.264985100936062,46.86843318076163
2025-07-18 17:50:00,14.354828821912488,-20.713299185620116,49.54418458270643
2025-07-18 18:50:00,16.36364620747313,-19.19178342001423,51.435061866343055
2025-07-18 19:50:00,17.942299220085033,-15.291680203776941,52.871057294994884
2025-07-18 20:50:00,18.09206172665735,-19.097252719985615,54.72083813482491
2025-07-18 21:50:00,17.206503244036956,-19.230068831440487,52.63010553196528
2025-07-18 22:50:00,16.666787612354884,-19.78556490442997,51.35333282446854
2025-07-18 23:50:00,17.45676674805152,-16.458250277064415,51.402410950463754
2025-07-19 00:50:00,19.1808461167372,-18.14464932476722,55.89638412262453
2025-07-19 01:50:00,20.46178972469455,-14.442218070094544,58.460698224339176
2025-07-19 02:50:00,20.317126661370544,-13.073367404409426,55.473946876514994
2025-07-19 03:50:00,19.13910150704451,-13.994353977627858,54.180983816874615
2025-07-19 04:50:00,18.304356741465888,-15.788461805540456,53.9764526834765
2025-07-19 05:50:00,18.810690897958175,-18.07437100512825,55.381725034365196
2025-07-19 06:50:00,20.306569022867393,-15.244068396591347,54.47912024506131
2025-07-19 07:50:00,21.478113935785192,-13.181243679762122,58.37209972130256
2025-07-19 08:50:00,21.39349343865143,-14.541426214918472,58.72595525039494
2025-07-19 09:50:00,20.4453145985614,-17.663143369748934,55.45524176388409
2025-07-19 10:50:00,19.939091675395375,-13.507338943790538,54.49608181114204
2025-07-19 11:50:00,20.740620295758845,-13.913386132199744,57.09531152389885
2025-07-19 12:50:00,22.347350765891044,-13.24604184507077,54.67143607817729
2025-07-19 13:50:00,23.330886909989303,-11.531965326646567,57.61832158914586
2025-07-19 14:50:00,22.72457970176768,-13.446651780507034,56.54869517207139
2025-07-19 15:50:00,20.976174115147543,-13.019649054833387,55.054226893933645
2025-07-19 16:50:00,19.509231477368953,-15.631516928481117,51.40732798963258
2025-07-19 17:50:00,19.32034345237035,-17.700577219243577,55.922103910874945
2025-07-19 18:50:00,20.002143771149193,-15.939849185971589,56.64770136844132
2025-07-19 19:50:00,20.161497654946686,-11.751215007060747,51.80938738448926
2025-07-19 20:50:00,18.814971025268616,-17.055765976388102,52.732788959371554
2025-07-19 21:50:00,16.372312071654108,-13.42987888255737,50.76612779992705
2025-07-19 22:50:00,14.231562957115509,-20.12517242604482,49.35289144551147
2025-07-19 23:50:00,13.393958815349697,-21.35255033588294,45.88486644561273
2025-07-20 00:50:00,13.481593030108248,-20.691735011089904,49.34680225464661
2025-07-20 01:50:00,13.135019006053124,-20.453725059104844,46.36833390651579
2025-07-20 02:50:00,11.389452904501429,-22.829093931715427,45.76814365716276
2025-07-20 03:50:00,8.654522105056536,-25.234716919786145,44.24988609637826
2025-07-20 04:50:00,6.3237499481786035,-33.01382673260652,41.59023467450495
2025-07-20 05:50:00,5.411122862246147,-30.053409909729854,39.35364013815575
2025-07-20 06:50:00,5.580418709753086,-29.34788224117643,38.09258672650837
2025-07-20 07:50:00,5.532027011586887,-28.48198500441065,40.15115079755017
2025-07-20 08:50:00,4.3471782137921355,-27.578329476997208,38.86928954137294
2025-07-20 09:50:00,2.430194978616358,-31.79547502509185,38.926305899400106
2025-07-20 10:50:00,1.0968337394172778,-33.494597133274354,38.3490601614065
2025-07-20 11:50:00,1.2215505782994764,-32.73349619932049,36.34113459755607
2025-07-20 12:50:00,2.308785550789546,-31.090479448791854,38.904005927723105
2025-07-20 13:50:00,2.9353928428718206,-30.77759881773429,38.19050437717892
2025-07-20 14:50:00,2.1381867677747746,-33.29354099508492,35.24276498905747
2025-07-20 15:50:00,0.366562504580779,-34.540741220858315,38.2065197172696
2025-07-20 16:50:00,-0.9560859182971839,-36.30329331352448,35.49251695090558
2025-07-20 17:50:00,-0.8351343243865834,-34.614633109482085,34.47130259026477
2025-07-20 18:50:00,0.3183220242929181,-30.8454358526425,34.38116519144042
2025-07-20 19:50:00,1.1057173155323312,-31.147452746088664,38.60476899945982
2025-07-20 20:50:00,0.5365638090792118,-33.176171151022025,32.77088000616532
2025-07-20 21:50:00,-0.9879683169801758,-33.682691803645454,34.22525947520613
2025-07-20 22:50:00,-2.0798234269193436,-36.70264221618657,31.182196417041
2025-07-20 23:50:00,-1.749029559162075,-35.413720649733165,34.14849158004175
2025-07-21 00:50:00,-0.3858869577111399,-36.20386262206181,36.05834116749291
2025-07-21 01:50:00,0.6367923247638778,-35.78546744299208,36.16742382706735
2025-07-21 02:50:00,0.3400561903867718,-33.50376936721771,33.46323285774309
2025-07-21 03:50:00,-0.8812617629845647,-35.50061337682603,32.94079436219241
2025-07-21 04:50:00,-1.648874218822744,-37.67298166410061,33.06540709794402
2025-07-21 05:50:00,-0.9642860434659113,-35.42195184270643,30.99895050283519
2025-07-21 06:50:00,0.8207223748243848,-31.71779743978024,39.1204847903132
2025-07-21 07:50:00,2.391102648748735,-32.60888151661655,36.352882335721354
2025-07-21 08:50:00,2.812951613552057,-35.20564900227061,35.31254569658267
2025-07-21 09:50:00,2.4759409468032274,-34.31080312258018,35.651830962620664
2025-07-21 10:50:00,2.681829224924284,-32.61816165824871,39.22709173449813
2025-07-21 11:50:00,4.29188838319779,-31.443886281135278,41.3334897540424
2025-07-21 12:50:00,6.798336756606439,-26.253106270225942,39.80269486484926
2025-07-21 13:50:00,8.766904268493175,-26.453752515455573,42.93223955651312
2025-07-21 14:50:00,9.224498173695258,-25.959949495291525,42.530966189801546
2025-07-21 15:50:00,8.611926832804585,-25.770229752183432,40.41580007864991
2025-07-21 16:50:00,8.345402821010717,-28.19092020509593,41.49987644815626
2025-07-21 17:50:00,9.413840477589806,-25.351172962069274,44.423270567348865
2025-07-21 18:50:00,11.401952971062464,-23.166326283376186,46.38627784894763
2025-07-21 19:50:00,12.908527769745593,-23.5799058124441,48.22035204505538
2025-07-21 20:50:00,12.941981566053979,-21.923483325942314,47.718343147010195
2025-07-21 21:50:00,11.903926192063537,-21.63937513309079,46.95028399075116
2025-07-21 22:50:00,11.18436230145974,-24.983935045679463,47.48233063090398
2025-07-21 23:50:00,11.776657015214433,-22.938576988635766,46.94546465598651
2025-07-22 00:50:00,13.295283610917682,-22.467671570233154,46.50868112498832
2025-07-22 01:50:00,14.373492623213501,-20.770597341018636,48.39189381989875
2025-07-22 02:50:00,14.03957806255168,-21.113849452809472,49.17561879508169
2025-07-22 03:50:00,12.696682828354032,-23.996661243521572,47.59448541637705
2025-07-22 04:50:00,11.73233327956872,-24.492249469405827,47.767119389650304
2025-07-22 05:50:00,12.155048573770536,-24.712291657477568,47.01412716706193
2025-07-22 06:50:00,13.623703221685474,-21.071877929863096,48.55058516048413
2025-07-22 07:50:00,14.834373232542893,-20.577312778971265,51.11137368051544
2025-07-22 08:50:00,14.864582849392319,-20.25669577973343,49.78704060156443
2025-07-22 09:50:00,14.11556479832938,-23.853432832920205,47.683160506569
2025-07-22 10:50:00,13.900602343386877,-21.50138245782365,48.368732902472644
2025-07-22 11:50:00,15.092287378346306,-18.14847933382479,49.491560293707295
2025-07-22 12:50:00,17.19378895320607,-17.68105023679554,53.31234619490181
2025-07-22 13:50:00,18.781259989854764,-17.634581594514273,50.742761049842635
2025-07-22 14:50:00,18.891352680771963,-14.84889165452769,53.850520223610836
2025-07-22 15:50:00,17.97380203379444,-18.969476991631268,50.67288632854882
2025-07-22 16:50:00,17.452800713809633,-16.571394452863842,50.854172838536414
2025-07-22 17:50:00,18.324181976249285,-16.99333854444706,52.70713377560136
2025-07-22 18:50:00,20.17841727743851,-14.895067399062693,55.823966472420516
2025-07-22 19:50:00,21.618808759126882,-9.674151327438144,56.44416683070167
2025-07-22 20:50:00,21.656978747297096,-13.055449128373498,56.73119174254859
2025-07-22 21:50:00,20.696388664735785,-13.3426496895212,56.64867828328398
2025-07-22 22:50:00,20.12750475113208,-13.940242094838695,56.288660582480844
2025-07-22 23:50:00,20.9427671575709,-13.116959934061747,54.67092365298333
2025-07-23 00:50:00,22.754340610958078,-12.101504815269632,57.13211911191677
2025-07-23 01:50:00,24.191815874569407,-9.12303224399261,60.58378694012471
2025-07-23 02:50:00,24.278525317081343,-9.475696143586779,58.947198458375645
2025-07-23 03:50:00,23.411416022651938,-8.980596856458122,59.208875039914695
2025-07-23 04:50:00,22.97066951868128,-11.504318894035338,58.27777393679864
2025-07-23 05:50:00,23.956412619735765,-11.070077515548235,57.19204836440068
2025-07-23 06:50:00,26.01819650403804,-6.261807857852404,60.876173350888514
2025-07-23 07:50:00,27.841972868973457,-9.210519996927976,61.27438225929847
2025-07-23 08:50:00,28.49448246365522,-7.66826904697167,63.19718275077765
2025-07-23 09:50:00,28.365667039522577,-8.08964027542013,61.92039269184544
2025-07-23 10:50:00,28.7571710510395,-7.646241896046335,63.43002060125091
2025-07-23 11:50:00,30.529765196784123,-3.7000434152763853,65.37656136890814
2025-07-23 12:50:00,33.174784034972255,-1.6114507078651452,65.58497893410028
2025-07-23 13:50:00,35.25670318531215,-1.6371093711108544,68.72265245905695
2025-07-23 14:50:00,35.80082435291808,2.6590022268122513,69.88315909192971
2025-07-23 15:50:00,35.246025382019994,1.6363905113447719,69.20576250033741
2025-07-23 16:50:00,35.00629627011317,0.11881914547530066,69.34959543671481
2025-07-23 17:50:00,36.06807578168206,-1.3566508278219518,73.17954217868008
2025-07-23 18:50:00,38.01339317928331,4.4800236688245905,72.08670425510121
2025-07-23 19:50:00,39.438193321480775,5.762386337480316,73.25298110985601
2025-07-23 20:50:00,39.34794546397368,6.090541180581509,74.72246650444019
2025-07-23 21:50:00,38.141266521679434,1.734217719191854,73.32791440426269
2025-07-23 22:50:00,37.20517473682649,2.115488860627807,73.40708470148819
2025-07-23 23:50:00,37.530129074652976,4.3267333765712355,74.00270030511673
2025-07-24 00:50:00,38.727831520095584,4.699200529691617,71.18925808402317
2025-07-24 01:50:00,39.42896071892335,6.384594451132998,75.64974835839573
2025-07-24 02:50:00,38.659499737373444,1.2330892229180852,75.35334315289887
2025-07-24 03:50:00,36.820601090277634,2.203642548824592,73.2552962724568
2025-07-24 04:50:00,35.298178092723184,-0.6798722679898638,71.73487844214979
2025-07-24 05:50:00,35.0995672686735,-0.93458637553058,68.59468391617571
2025-07-24 06:50:00,35.88293942791239,3.364559293129365,69.76292170814864
2025-07-24 07:50:00,36.34418900692761,2.4247422261481573,69.38418930542258
2025-07-24 08:50:00,35.561217952985515,0.01698964671155415,71.61850702930461
2025-07-24 09:50:00,33.93622643665236,0.17935989215395745,69.63634721995537
2025-07-24 10:50:00,32.7840781254362,-2.176079991129826,67.45749692985778
2025-07-24 11:50:00,32.97957377966897,-0.5051156772339795,68.93953884691774
2025-07-24 12:50:00,34.028727203840255,-1.0772501977097713,67.52720971445069
2025-07-24 13:50:00,34.51117104162972,-0.8033106161204049,68.53390199837573
2025-07-24 14:50:00,33.467662752241324,-1.9877559383839047,69.14737872378694
2025-07-24 15:50:00,31.352650184516197,-5.579473531422415,65.48165317163001
2025-07-24 16:50:00,29.595619970461232,-4.71024150785841,62.26926653667156
2025-07-24 17:50:00,29.198245709168578,-4.741271317776245,64.46285679731868
2025-07-24 18:50:00,29.757342818119895,-6.400602100844831,63.28510026067129
2025-07-24 19:50:00,29.883010650240685,-3.883237145524807,65.45698532609528
2025-07-24 20:50:00,28.594064517211688,-6.096584273428068,64.86426238716763
2025-07-24 21:50:00,26.301490620261653,-12.053135851508411,61.730465655121975
2025-07-24 22:50:00,24.4035419768633,-10.501055729599834,57.29784975386778
2025-07-24 23:50:00,23.90063268311376,-8.987938665421881,60.405756249330565
2025-07-25 00:50:00,24.413009558200034,-11.447109551174968,59.89720118820432
2025-07-25 01:50:00,24.578371312079923,-11.266752477445252,60.606871416444456
2025-07-25 02:50:00,23.42809951222174,-12.370715683874286,58.97101891285021
2025-07-25 03:50:00,21.367045790249236,-10.756278015093393,55.93004872484522
2025-07-25 04:50:00,19.783065401550104,-13.316131079362814,53.34775664928235
2025-07-25 05:50:00,19.683642685051588,-15.192588172581313,55.81255708823614
2025-07-25 06:50:00,20.725286594170583,-12.503666135618044,58.05707500733468
2025-07-25 07:50:00,21.6004261878628,-14.011581051694337,58.704267236473456
2025-07-25 08:50:00,21.38172239645368,-12.329099077043356,58.54642661066911
2025-07-25 09:50:00,20.46440810086101,-11.884141863106835,57.453190827301
2025-07-25 10:50:00,20.15472375728999,-15.175433160083971,56.832369214010164
2025-07-25 11:50:00,21.317281562547304,-13.654289529374875,56.93463095185887
2025-07-25 12:50:00,23.44645117740038,-10.658846980090013,59.13607375494451
2025-07-25 13:50:00,25.10889323959804,-8.970235765889335,58.37787491228988
2025-07-25 14:50:00,25.331209526719604,-10.830525266118203,59.35539006345646
2025-07-25 15:50:00,24.55266749848858,-10.113451761901228,57.58244412382301
2025-07-25 16:50:00,24.186720568354506,-13.05635920377737,58.58786794814194
2025-07-25 17:50:00,25.218339043196995,-7.98685901738723,61.7029468074729
2025-07-25 18:50:00,27.227156434059214,-7.998241111965969,62.58448178540073
2025-07-25 19:50:00,28.80580945196606,-6.593444790880235,63.435701259842276
2025-07-25 20:50:00,28.955571963791968,-5.515581802801089,62.1656794178776
2025-07-25 21:50:00,28.070013486433453,-3.249411555258179,62.82326744665415
2025-07-25 22:50:00,27.530297860088538,-10.948127049947836,63.985712552886305
2025-07-25 23:50:00,28.320277001092787,-4.517556238301673,61.511001427643826
2025-07-26 00:50:00,30.044356375080717,-5.34418757657449,61.42241732486649
2025-07-26 01:50:00,31.325299988335026,-1.699846658596309,67.60825505120107
2025-07-26 02:50:00,31.180636930294906,-4.72729440732972,66.55213134067124
2025-07-26 03:50:00,30.002611781302427,-3.1803761839549822,64.62256133802958
2025-07-26 04:50:00,29.16786702099682,-6.8229579140234415,65.5468454617756
2025-07-26 05:50:00,29.67420118299412,-4.393872897857253,62.08696746547987
2025-07-26 06:50:00,31.170079313378647,-3.613830719055289,65.20008908460905
2025-07-26 07:50:00,32.34162423176721,-0.8983109655395856,67.20448034029195
2025-07-26 08:50:00,32.25700374010327,-1.7393205548868325,68.75300673630593
2025-07-26 09:50:00,31.30882490546465,-2.285144890032981,67.9813635437982
2025-07-26 10:50:00,30.802601987798205,-5.712807078484374,63.94271478817252
2025-07-26 11:50:00,31.60413061363948,-3.0593138413621004,67.80200524502976
2025-07-26 12:50:00,33.21086109033478,-2.8834868819307204,66.46298717827428
2025-07-26 13:50:00,34.19439724099088,0.6062953624902654,67.92113672482627
2025-07-26 14:50:00,33.588090039345374,0.4210540401195807,69.47029756414146
2025-07-26 15:50:00,31.839684459268813,-4.847111802075083,66.5934426286831
2025-07-26 16:50:00,30.372741828078258,-1.9800113044312382,65.22188172069863
2025-07-26 17:50:00,30.183853809604397,-4.848865132210692,64.71811159459844
2025-07-26 18:50:00,30.865654134892342,-4.325513456949993,63.11193262544891
2025-07-26 19:50:00,31.025008025296977,-4.618663819998117,66.34420752774751
2025-07-26 20:50:00,29.678481402172576,-4.348956568765825,63.382000111580616
2025-07-26 21:50:00,27.235822455156832,-8.653625038006059,62.78562639663567
2025-07-26 22:50:00,25.09507334721558,-10.553314733434231,59.227635756076126
2025-07-26 23:50:00,24.257469211944098,-11.23945043862097,57.51477419131117
2025-07-27 00:50:00,24.34510343326685,-10.047563532814754,60.643702615021056
2025-07-27 01:50:00,23.998529415770783,-12.257784218921572,58.061147344405974
2025-07-27 02:50:00,22.252963320849222,-12.940758944845967,57.655851947537116
2025-07-27 03:50:00,19.518032527931105,-14.481932127724301,53.59223765470157
2025-07-27 04:50:00,17.187260375893032,-15.84002249794545,55.406671018184504
2025-07-27 05:50:00,16.274633294725124,-18.866232446802517,50.722496636120134
2025-07-27 06:50:00,16.443929147031913,-15.58597358553311,51.69338875711635
2025-07-27 07:50:00,16.39553745366121,-18.30359424734143,48.30680374152544
2025-07-27 08:50:00,15.210688660688719,-18.591931486586773,45.36926097157199
2025-07-27 09:50:00,13.293705430334121,-20.15227527418111,50.69569766999532
2025-07-27 10:50:00,11.960344195921516,-23.37493075969034,45.71403921367507
2025-07-27 11:50:00,12.085061038473423,-24.00896198366119,44.710422036202424
2025-07-27 12:50:00,13.172296014683697,-23.32666345540027,48.81437201086068
2025-07-27 13:50:00,13.798903310481101,-20.3740665855374,49.52831992090008
2025-07-27 14:50:00,13.001697239112813,-20.278301406040885,47.48665578835226
2025-07-27 15:50:00,11.230072979624559,-23.016884670816506,44.437095605224336
2025-07-27 16:50:00,9.907424560462115,-22.35094647601692,42.68663201293285
2025-07-27 17:50:00,10.028376158101306,-23.917818689246793,44.5713466628854
2025-07-27 18:50:00,11.18183251049868,-22.85936267364632,49.962493731507436
2025-07-27 19:50:00,11.969227805449798,-24.761501931970074,46.013691326071424
2025-07-27 20:50:00,11.40007430272783,-24.289810788531483,48.64191033206894
2025-07-27 21:50:00,9.875542180341846,-24.759746886826733,43.137440306976124
2025-07-27 22:50:00,8.783687074171173,-24.432094446929007,41.51598499523186
2025-07-27 23:50:00,9.114480945578865,-27.85483036373764,41.85546135011387
2025-07-28 00:50:00,10.477623550827275,-27.212309114819597,43.97376651407602
2025-07-28 01:50:00,11.500302837018491,-22.826663102348128,46.10167367324874
2025-07-28 02:50:00,11.203566706355232,-26.825173537273965,46.34787792481198
2025-07-28 03:50:00,9.98190415784276,-23.502383673401543,42.68906943665109
2025-07-28 04:50:00,9.213947106717445,-24.711112371599988,44.83016811241718
2025-07-28 05:50:00,9.898190686920529,-23.122685432743733,45.37023805474407
2025-07-28 06:50:00,11.682854509943091,-23.183676183339827,49.092641909136006
2025-07-28 07:50:00,13.252890188643047,-21.77646069773922,49.260676208285496
2025-07-28 08:50:00,13.674394558305782,-18.781553511469827,49.24033371115039
2025-07-28 09:50:00,13.337039296361171,-21.90213232847463,47.91014297130776
2025-07-28 10:50:00,13.54258297849371,-23.49675344070901,48.62258747625923
2025-07-28 11:50:00,15.152297540745188,-19.869547329340612,51.01553194244986
2025-07-28 12:50:00,17.658401318194443,-17.617797947077896,51.57708670974652
2025-07-28 13:50:00,19.626624234063414,-14.855383508749245,53.934650322025924
2025-07-28 14:50:00,20.083873543307178,-15.044472214609067,57.25744861700156
2025-07-28 15:50:00,19.47095760641909,-15.837775089656814,53.99907220112992
2025-07-28 16:50:00,19.20408899863354,-16.77289363149956,55.208889152259594
2025-07-28 17:50:00,20.272182059181667,-14.21924387941307,56.75089632171876
2025-07-28 18:50:00,22.25994995664508,-14.095689508712892,60.2903424633196
2025-07-28 19:50:00,23.766180159332315,-14.616448430555634,58.81112230329227
2025-07-28 20:50:00,23.79928935968937,-10.783297353017097,58.52730666597478
2025-07-28 21:50:00,22.76088938970382,-12.413065740391659,58.01012797338735
2025-07-28 22:50:00,22.04098090311099,-13.04695047781058,59.06026355504705
2025-07-28 23:50:00,22.632931020899047,-12.999121561141054,55.490796296403175
2025-07-29 00:50:00,24.151213020591445,-12.663384731331723,56.46300409575513
2025-07-29 01:50:00,25.229077436910917,-12.40650088349531,59.38731590540629
2025-07-29 02:50:00,24.893595510714114,-10.366787490037913,60.42463646476149
2025-07-29 03:50:00,23.549132911029524,-12.30296165153602,59.05089069550621
2025-07-29 04:50:00,22.58321599676252,-14.600042567920037,58.04506973871348
2025-07-29 05:50:00,23.00436392548458,-9.458006346456006,55.77011175107716
2025-07-29 06:50:00,24.471451207959788,-9.914676572990375,59.46230980012673
2025-07-29 07:50:00,25.68055385328786,-7.193810681378805,59.79640927536503
2025-07-29 08:50:00,25.70919610473366,-8.545659239813686,61.39205427972252
2025-07-29 09:50:00,24.958610687992504,-8.610051900830888,58.635457566612764
2025-07-29 10:50:00,24.742080867459748,-9.567367849912193,60.61420411942173
2025-07-29 11:50:00,25.93219853690306,-9.974830537618205,62.52283401496582
2025-07-29 12:50:00,28.03213274613189,-7.310214699820164,64.86965415865608
2025-07-29 13:50:00,29.6180364172199,-4.875522218426899,65.39257290875297
2025-07-29 14:50:00,29.726561742495235,-3.5833036577628063,62.954906427022394
2025-07-29 15:50:00,28.80744372992103,-5.733414546837352,60.97018918632566
2025-07-29 16:50:00,28.2848750442703,-8.415371793127356,61.926140473644985
2025-07-29 17:50:00,29.154688941170704,-8.677966191907643,63.89386813311512
2025-07-29 18:50:00,31.0073568768047,-5.521331840196704,64.39849094724065
2025-07-29 19:50:00,32.4461809927767,-2.0473346150733795,65.26445291142285
2025-07-29 20:50:00,32.48278361543101,-3.7007571141426605,67.77321241667406
2025-07-29 21:50:00,31.520626167275097,-4.525065712410504,65.22192304724248
2025-07-29 22:50:00,30.950174888082984,-3.4601873758539856,68.72878585456523
2025-07-29 23:50:00,31.76386992893837,-4.951837363432827,69.83724036644998
2025-07-30 00:50:00,33.57387601673295,-0.4856827831448861,68.52726174314823
2025-07-30 01:50:00,34.99946543162019,1.9797151633458216,69.92238220605134
2025-07-30 02:50:00,35.07428902536972,-3.259023720896451,71.7901424112653
2025-07-30 03:50:00,34.195293882230295,-0.19478683595669288,67.91908072289299
2025-07-30 04:50:00,33.74266152955471,0.15857806479163228,69.03503823046756
2025-07-30 05:50:00,34.71651878194646,2.2487697393757267,71.33095246318594
2025-07-30 06:50:00,36.766416817516635,1.2988799436175988,69.0436658982223
2025-07-30 07:50:00,38.57830733376059,1.9835495597688706,73.35716771087696
2025-07-30 08:50:00,39.21893107630864,5.406772060550183,71.94301041813388
2025-07-30 09:50:00,39.07822980001474,3.466628619501183,72.65261766581833
2025-07-30 10:50:00,39.457847959374334,5.801570534197786,75.81247285363189
2025-07-30 11:50:00,41.21855625291988,5.101062816174625,76.24630794081993
2025-07-30 12:50:00,43.851689238986694,6.86705669094479,77.49300603889995
2025-07-30 13:50:00,45.92172253712367,10.769910092192013,79.28066745107351
2025-07-30 14:50:00,46.453957852594904,8.994775474896759,79.98695241687015
2025-07-30 15:50:00,45.88727302953228,9.582180168405017,79.23341046509849
2025-07-30 16:50:00,45.635658065466465,11.108021476812048,79.64093557553805
2025-07-30 17:50:00,46.685551724841766,10.11077408967363,81.95540211901762
2025-07-30 18:50:00,48.61898327024299,9.927507665297727,83.89605344166453
2025-07-30 19:50:00,50.03189756031193,15.985107081084998,85.29834946104563
2025-07-30 20:50:00,49.929763850609476,16.162945913655097,84.0394923335945
2025-07-30 21:50:00,48.711199056177,14.928073733912031,83.00339297561209
2025-07-30 22:50:00,47.763221419165696,12.472280627265247,83.92660674235957
2025-07-30 23:50:00,48.076289904852985,14.779237127252042,80.77155460401019
2025-07-31 00:50:00,49.25306235513554,16.079601298541377,82.57402618680256
2025-07-31 01:50:00,49.93326155891913,16.408806097486153,85.16742545960004
2025-07-31 02:50:00,49.142870582247866,13.930829898027389,82.66675786439882
2025-07-31 03:50:00,47.28304194004072,12.256302429385602,82.64350357501351
2025-07-31 04:50:00,45.739688947453615,11.781700389557015,81.53876842823192
2025-07-31 05:50:00,45.520148128234055,11.55483077170268,77.30472403344068
2025-07-31 06:50:00,46.282590292368184,11.174512622898888,82.40000353464495
2025-07-31 07:50:00,46.72290987595437,11.727989379274288,82.2017423712425
2025-07-31 08:50:00,45.91900882662364,10.73154364855633,77.90635806725115
2025-07-31 09:50:00,44.273087314848624,9.063608334928638,82.53441710184926
2025-07-31 10:50:00,43.10000900823711,8.632635625911911,79.81485392218698
2025-07-31 11:50:00,43.274574667061685,7.954414798057698,77.98839743794171
2025-07-31 12:50:00,44.302798095810196,9.088405045305796,82.47709484387352
2025-07-31 13:50:00,44.764311938171424,12.949678292421364,78.67152566127278
2025-07-31 14:50:00,43.69987365328571,8.516210563065629,77.85841168489763
2025-07-31 15:50:00,41.563931090177334,7.575401529888264,79.13518274086721
2025-07-31 16:50:00,39.78597088066253,6.656975625367914,75.13187539746535
2025-07-31 17:50:00,39.36766662395301,4.589427604880401,74.64600920589098
2025-07-31 18:50:00,39.90583373748304,7.2272855137515455,76.57076338978698
2025-07-31 19:50:00,40.01057157417668,6.47991766776743,74.67834892465952
2025-07-31 20:50:00,38.70069544579472,3.589531683589571,75.25610578683019
2025-07-31 21:50:00,36.38719155334525,1.2271054006035942,71.79007222390163
2025-07-31 22:50:00,34.468312914601576,0.2799171541437356,70.77015604526625
2025-07-31 23:50:00,33.93904023624006,0.6829670691371956,68.2371179726097
2025-08-01 00:50:00,34.42505372674953,-0.868689937399636,68.0337006431045
2025-08-01 01:50:00,34.56405209604701,-0.10700844823511269,68.42153261391684
2025-08-01 02:50:00,33.38741691160431,-1.9579664343956615,71.92295043826984
2025-08-01 03:50:00,31.299999805064395,-6.429199882165188,66.91732735415822
2025-08-01 04:50:00,29.689656031774955,-7.091847793135304,64.32591757193296
2025-08-01 05:50:00,29.563869930656292,-6.456270123048127,66.23003205804068
2025-08-01 06:50:00,30.579150454617313,-2.993046886349102,67.47319298582931
2025-08-01 07:50:00,31.427926663110487,-4.407774844704796,65.29986584253214
2025-08-01 08:50:00,31.182859486495584,-4.861268917291923,66.15148485976248
2025-08-01 09:50:00,30.2391818057774,-1.6534707016903722,64.17190331780945
2025-08-01 10:50:00,29.90313407693654,-4.516461477945544,63.79225679516559
2025-08-01 11:50:00,31.03932849701491,-1.036505459199479,64.64063641936744
2025-08-01 12:50:00,33.14213472667093,-3.40500954695829,67.63889964756461
2025-08-01 13:50:00,34.77821340364133,0.8717304397246586,70.69050782202898
2025-08-01 14:50:00,34.97416630555636,1.5035073289523426,69.57469431620385
2025-08-01 15:50:00,34.16926089209597,-0.23703557697770203,69.20220052421686
2025-08-01 16:50:00,33.776950576794384,-2.869234492824542,69.19914933979385
2025-08-01 17:50:00,34.782205666442614,-2.998475379619026,68.0692295563323
2025-08-01 18:50:00,36.76465967210581,0.16661884957217413,72.7230455347665
2025-08-01 19:50:00,38.31694930480745,1.7845772275021765,74.60721320309237
2025-08-01 20:50:00,38.44034843142894,5.127662016286019,73.61028972266776
2025-08-01 21:50:00,37.52842656890635,2.707020138366559,70.67489151698285
2025-08-01 22:50:00,36.96234072558978,2.7622322215252764,73.95104908594395
2025-08-01 23:50:00,37.72594964968874,2.8261308610613414,73.1227772461201
2025-08-02 00:50:00,39.42365880673587,3.557688966144657,76.90024623198887
2025-08-02 01:50:00,40.67823220304346,7.362944565031793,75.50377724617398
2025-08-02 02:50:00,40.50719892802097,6.0956635954100795,74.96747160719978
2025-08-02 03:50:00,39.30280356205118,3.1393692884896827,74.5496741816366
2025-08-02 04:50:00,38.44168858484063,3.93631630650188,73.53205155586961
2025-08-02 05:50:00,38.921652529723175,2.200549265110796,73.8472527353661
2025-08-02 06:50:00,40.39116044298989,5.970555446339234,75.91593335998311
2025-08-02 07:50:00,41.53633514425641,8.666511183503143,75.97167745452617
2025-08-02 08:50:00,41.42534443545554,8.21126465399387,76.83347206521562
2025-08-02 09:50:00,40.45079538372056,5.755486407944116,77.03052268645727
2025-08-02 10:50:00,39.91820224892103,6.096712638255496,74.24589112677137
2025-08-02 11:50:00,40.693360657657166,3.276607017306809,71.79935816246237
2025-08-02 12:50:00,42.27372091722856,8.046488909025797,79.28398069609432
2025-08-02 13:50:00,43.23088685075556,7.360499671962017,76.197449125682
2025-08-02 14:50:00,42.598209432047724,8.681607667108278,75.13420295888075
2025-08-02 15:50:00,40.82343363479996,7.330466320393584,73.73686473296304
2025-08-02 16:50:00,39.330120786470886,4.779079990163276,72.63287502823165
2025-08-02 17:50:00,39.11486255092472,5.221717485785474,72.59470180559813
2025-08-02 18:50:00,39.770292659111355,4.10759766123573,76.47591641921831
2025-08-02 19:50:00,39.90327633239358,6.696241918316168,75.49175195573498
2025-08-02 20:50:00,38.53037949210391,5.25653601113058,71.62468821747461
2025-08-02 21:50:00,36.061342757642954,1.6785174912474246,72.76014170641277
2025-08-02 22:50:00,33.89421586230537,-1.760972442205148,68.58236249106704
2025-08-02 23:50:00,33.03023393955402,-2.103691571674454,67.42869658660695
2025-08-03 00:50:00,33.09149037347391,0.3803724840087193,68.40815319305719
2025-08-03 01:50:00,32.718538568577834,-0.0021048347397580464,68.12649502479663
2025-08-03 02:50:00,30.94659468608454,-4.987517639495789,66.28729514088639
2025-08-03 03:50:00,28.185286105721897,-5.637538024318787,63.87905493130032
2025-08-03 04:50:00,25.828136168008513,-6.78917026635764,62.05722188534153
2025-08-03 05:50:00,24.88913130126165,-10.594141021270639,60.35220184546424
2025-08-03 06:50:00,25.03204936785283,-8.43511615589278,59.783557030749556
2025-08-03 07:50:00,24.957279888836325,-9.905742749731303,59.56091141957765
2025-08-03 08:50:00,23.746053310122477,-10.060276049616586,59.21552721098435
2025-08-03 09:50:00,21.802692294088267,-11.68700223019164,57.08724909911257
2025-08-03 10:50:00,20.44295327400029,-14.713250915746828,53.287333123254434
2025-08-03 11:50:00,20.541292330876885,-14.17535723794349,55.659493601659435
2025-08-03 12:50:00,21.602149521421182,-12.912232062005415,57.75533218546664
2025-08-03 13:50:00,22.202379031519108,-11.460091872819929,59.80741798861902
2025-08-03 14:50:00,21.378795174460812,-13.495899390133626,55.18505975324195
2025-08-03 15:50:00,19.58079312929626,-16.9592602558791,53.18040098337656
2025-08-03 16:50:00,18.231766924463468,-16.753019678109073,50.82467963462443
2025-08-03 17:50:00,18.32634073641958,-17.152201950315572,51.35476737037553
2025-08-03 18:50:00,19.453419303156682,-15.480419158048447,55.1479273309089
2025-08-03 19:50:00,20.21443681240708,-14.804946672091884,52.71532555293561
2025-08-03 20:50:00,19.618905527030975,-11.409406513736899,57.508088785190814
2025-08-03 21:50:00,18.06799562197467,-18.050333225363456,53.953848901635546
2025-08-03 22:50:00,16.949762733139615,-21.07094352601521,47.96012192570871
2025-08-03 23:50:00,17.254178821853937,-15.76878780891719,54.61674756383741
2025-08-04 00:50:00,18.59094364439874,-13.553491582696662,51.76170140668363
2025-08-04 01:50:00,19.587245147950544,-15.912891555350326,51.84810573022568
2025-08-04 02:50:00,19.26413123461118,-15.534921881564577,55.179482072445886
2025-08-04 03:50:00,18.01643550235778,-17.974773918086374,53.61862029503055
2025-08-04 04:50:00,17.222445267475276,-15.532256524091316,52.40475933295757
2025-08-04 05:50:00,17.880655663878624,-15.481204850286224,51.91469028538609
2025-08-04 06:50:00,19.639286303149348,-17.22643224026828,52.322170055427556
2025-08-04 07:50:00,21.183288798125503,-14.277844879995326,55.68155044417891
2025-08-04 08:50:00,21.578759984063044,-16.31141926380694,56.38516930487964
2025-08-04 09:50:00,21.21537153836124,-15.393631903661813,53.07147256937667
2025-08-04 10:50:00,21.394882036684933,-12.135467453020405,55.86718125463514
2025-08-04 11:50:00,22.978563415238504,-11.19864937904307,56.67890637406016
2025-08-04 12:50:00,25.458634008902763,-8.975859957723284,60.09807389478811
2025-08-04 13:50:00,27.40082374103402,-9.56018050281017,59.99922632015629
2025-08-04 14:50:00,27.832039866464026,-8.850114483483058,67.27799605261744
2025-08-04 15:50:00,27.193090745815695,-6.9578163437527865,61.674353234048695
2025-08-04 16:50:00,26.900188954275933,-8.424899293765877,61.94101102561558
2025-08-04 17:50:00,27.94224883109792,-8.137491739318632,62.45961604629406
2025-08-04 18:50:00,29.903983544820917,-5.877605360341699,63.367041961784516
2025-08-04 19:50:00,31.384180562320516,-2.7085546415334374,66.24610315568985
2025-08-04 20:50:00,31.391256577489095,-2.2733842420208727,66.62384433422957
2025-08-04 21:50:00,30.326823422316778,-5.581879959803248,63.31907705741726
2025-08-04 22:50:00,29.580881750543373,-4.492545654657971,65.2643648059494
2025-08-04 23:50:00,30.146798683153126,-5.339819331903465,66.0968995157368
2025-08-05 00:50:00,31.639047497683613,-3.4581431550451915,65.74569038660483
2025-08-05 01:50:00,32.69087872879617,-1.6759786749851002,67.6956731552715
2025-08-05 02:50:00,32.330586386899235,-2.855612515722015,64.52995743309455
2025-08-05 03:50:00,30.961313371517978,-3.7109871198496855,63.64364576821285
2025-08-05 04:50:00,29.970586041559528,-6.629664943801433,64.05238407628902
2025-08-05 05:50:00,30.366923554668155,-5.992444633851182,62.86994976255624
2025-08-05 06:50:00,31.809200421412296,-1.0671222166652852,70.31975487531412
2025-08-05 07:50:00,32.99349265108677,-4.559956967295069,66.52225850255326
2025-08-05 08:50:00,32.99732448679513,-2.2065050211429558,67.76263033850556
2025-08-05 09:50:00,32.22192865436153,-1.5524372554099142,69.1204086579743
2025-08-05 10:50:00,31.980588418140464,-2.3882385635472456,64.14085629004443
2025-08-05 11:50:00,33.14589567172898,-3.156699112717174,63.71591477288177
2025-08-05 12:50:00,35.2210194653536,1.527874701062854,68.52525406952762
2025-08-05 13:50:00,36.78211272070663,2.421403343470803,73.2948195833387
2025-08-05 14:50:00,36.865827630401625,3.712291011740529,70.97775156446566
2025-08-05 15:50:00,35.92189920212675,2.481046554451837,68.6927279146262
2025-08-05 16:50:00,35.374520100760286,2.8272292390474356,70.06491138864396
2025-08-05 17:50:00,36.21952358197631,1.5067012016502161,72.04319172274892
2025-08-05 18:50:00,38.04738110064932,3.0196226599614064,73.43147346056172
2025-08-05 19:50:00,39.461394799685046,7.705491881737963,76.25076220254586
2025-08-05 20:50:00,39.473187005352614,4.596428273604613,73.08092177462552
2025-08-05 21:50:00,38.48621914024152,2.661632702973588,74.05563714617851
2025-08-05 22:50:00,37.89095744407342,4.277867677407269,70.59442262962239
2025-08-05 23:50:00,38.679842067908524,3.435098268251841,74.22356582991567
2025-08-06 00:50:00,40.465037738742026,4.7990088341510555,75.1830166460358
2025-08-06 01:50:00,41.876135219777616,5.7270577545281185,76.01103847200869
2025-08-06 02:50:00,41.936466879718715,7.962668622793619,76.21288958808017
2025-08-06 03:50:00,41.04297980274863,7.54699806021681,78.57924471382302
2025-08-06 04:50:00,40.57585551620861,8.360624779081789,74.33754899499998
2025-08-06 05:50:00,41.53522083477698,7.064590126967462,77.25978289357883
2025-08-06 06:50:00,43.57062693650063,10.253106367757592,78.55078891865894
2025-08-06 07:50:00,45.36802551889349,11.20061441344469,80.02301124710804
2025-08-06 08:50:00,45.994157327589356,9.840621091610734,78.613081823902
2025-08-06 09:50:00,45.8389641173706,12.953600245220557,77.80847895131535
2025-08-06 10:50:00,46.20409034296139,10.708150566842036,82.44786456687214
2025-08-06 11:50:00,47.95030670262334,10.510663978770529,84.08840859703962
2025-08-06 12:50:00,50.56894775483914,17.781891150778232,84.15289939487369
2025-08-06 13:50:00,52.624489119119964,16.17197946963806,87.80969902169174
2025-08-06 14:50:00,53.14223250070115,18.311073223897136,88.00420674963054
2025-08-06 15:50:00,52.56105574382077,17.789586730768608,89.2743062541563
2025-08-06 16:50:00,52.29494884587126,14.6565545957963,87.2041400382838
2025-08-06 17:50:00,53.330350570663505,18.285271925031424,85.77514763776017
2025-08-06 18:50:00,55.24929018140098,17.56745109748684,92.2485634233404
2025-08-06 19:50:00,56.64771253679962,22.088020680367677,91.4953026843172
2025-08-06 20:50:00,56.53108689250242,19.898721959134278,93.86656902149574
2025-08-06 21:50:00,55.29803016331848,20.077243048280035,91.26480085211021
2025-08-06 22:50:00,54.33556059166682,18.1996292020588,90.70779822243203
2025-08-06 23:50:00,54.63413714267722,18.98790871241449,88.82849969660012
2025-08-07 00:50:00,55.8054618012233,19.170611091165156,92.95043125029379
2025-08-07 01:50:00,56.48021321328187,24.740012636499667,94.07959066489654
2025-08-07 02:50:00,55.68437444487385,20.712433452880934,89.7572242763731
2025-08-07 03:50:00,53.81909801095277,17.24962862068683,87.53157757914924
2025-08-07 04:50:00,52.270297226652936,19.2686330729848,85.68133949887049
2025-08-07 05:50:00,52.045308615710425,18.45714438257157,87.99602189023699
2025-08-07 06:50:00,52.80230298812449,19.101937894919025,87.88072730990845
2025-08-07 07:50:00,53.23717478001222,19.22140762316171,89.03455092895253
2025-08-07 08:50:00,52.42782593894066,18.7422481623332,86.27016591428297
2025-08-07 09:50:00,50.776456635460846,15.827931726446721,85.55600910081807
2025-08-07 10:50:00,49.59793053710918,17.364454487212274,81.51721260083855
2025-08-07 11:50:00,49.76704840418163,14.373964767223194,81.80482086363499
2025-08-07 12:50:00,50.78982404120556,16.45366770059062,82.99196859111262
2025-08-07 13:50:00,51.24589009183731,16.696251658072054,86.45747447115495
2025-08-07 14:50:00,50.17600401530211,15.283060610267068,85.95699180769434
2025-08-07 15:50:00,48.03461366042799,12.630359030719134,82.61602607294357
2025-08-07 16:50:00,46.25120565881631,12.644223134126637,81.10535054501693
2025-08-07 17:50:00,45.82745360993525,14.24595380895151,79.79771258187421
2025-08-07 18:50:00,46.36017293132664,12.668860288262922,80.19857466851563
2025-08-07 19:50:00,46.459462975875304,10.951771325969784,83.90438643263076
2025-08-07 20:50:00,45.144139055309395,10.047647474540769,79.89807832764824
2025-08-07 21:50:00,42.82518737079467,9.21549576382569,79.81200659979623
2025-08-07 22:50:00,40.90086093984087,6.670617205284708,78.17110499951308
2025-08-07 23:50:00,40.37157385850314,4.429476349556594,77.58305730635541
2025-08-08 00:50:00,40.857572946033144,8.863244586603892,75.1548639391421
2025-08-08 01:50:00,40.99655691234591,6.171853019031492,75.9405875592512
2025-08-08 02:50:00,39.81990732493192,5.979672826435423,74.78311076510185
2025-08-08 03:50:00,37.73247581539372,4.2189380802131335,76.31888151833394
2025-08-08 04:50:00,36.12211763914049,-1.104468570826015,70.79611184887706
2025-08-08 05:50:00,35.99631713505228,2.44354837465335,71.29459670456133
2025-08-08 06:50:00,37.011583256028345,-1.1293927693249455,73.04970193934655
2025-08-08 07:50:00,37.86034506153231,4.368082238263868,70.89059426510889
2025-08-08 08:50:00,37.61526348196703,2.771566971010269,70.64892587202145
2025-08-08 09:50:00,36.6715713982025,0.06825060107727463,70.92293283943928
2025-08-08 10:50:00,36.33550926639488,-0.11439258968763591,72.24631315219625
2025-08-08 11:50:00,37.47168928347245,5.486145007719358,70.45034448180246
2025-08-08 12:50:00,39.57448111004665,5.98282533015881,73.42108377992098
2025-08-08 13:50:00,41.21054538416812,5.637686898843247,78.02810600695037
2025-08-08 14:50:00,41.40648388309552,5.730275780905474,77.16104032366698
2025-08-08 15:50:00,40.56987834522466,5.280825355957855,76.84338378519587
2025-08-08 16:50:00,40.14586790550197,4.5734519693190885,74.83168133932175
2025-08-08 17:50:00,41.119422870763266,6.950233297427617,75.52593421556213
2025-08-08 18:50:00,43.070176751974216,12.675057474236507,79.03356719503228
2025-08-08 19:50:00,44.59076626030278,9.259343433591194,79.71272704847377
2025-08-08 20:50:00,44.68246526246603,8.69484040373175,80.30165616501405
2025-08-08 21:50:00,43.73884327552894,10.43163936421871,78.03968055214864
2025-08-08 22:50:00,43.14106413954614,8.776506719812359,77.51728723196032
2025-08-08 23:50:00,43.87297977094575,7.3594987919122135,76.87127235719488
2025-08-09 00:50:00,45.5389956353608,11.671372132268171,78.9034328018061
2025-08-09 01:50:00,46.76187573895519,9.922204422708473,82.53592595172097
2025-08-09 02:50:00,46.55914917133138,11.64129327388327,80.96218959083363
2025-08-09 03:50:00,45.323060512687455,8.928055108939143,80.31868945419707
2025-08-09 04:50:00,44.430252242807434,8.21526279518741,78.59685774354759
2025-08-09 05:50:00,44.87852289502189,9.319095447947268,78.13536419040051
2025-08-09 06:50:00,46.31633751560194,13.14654729872247,80.38387259829172
2025-08-09 07:50:00,47.42981892420772,14.28307286088756,80.5659806635864
2025-08-09 08:50:00,47.28713492272994,11.889717317824463,81.85597980344154
2025-08-09 09:50:00,46.28089257832161,11.63009798376846,80.63511160016434
2025-08-09 10:50:00,45.716606150852925,9.059827126695598,80.66660062049027
2025-08-09 11:50:00,46.460071266917346,8.144126439226884,81.266437728151
2025-08-09 12:50:00,48.008738233822,13.63932285029867,81.91232519949274
2025-08-09 13:50:00,48.93421087468805,12.635771509186284,82.95342583930216
2025-08-09 14:50:00,48.2274490333278,15.110578866145381,82.93933564362405
2025-08-09 15:50:00,46.37858881342075,11.441275264325993,82.17855423788616
2025-08-09 16:50:00,44.81119154243825,12.407085780798608,77.99283055456314
2025-08-09 17:50:00,44.52184888415705,9.377486170887407,78.52333868408155
2025-08-09 18:50:00,45.10319456972667,9.871667393930666,82.07339099053146
2025-08-09 19:50:00,45.16209382031772,9.596270727748182,80.8895316963427
2025-08-09 20:50:00,43.71511255735786,9.979387074975048,79.28513540899348
2025-08-09 21:50:00,41.17199897072393,5.1075925804759965,75.13073854770556
2025-08-09 22:50:00,38.93079522288071,4.448792924184663,72.23289983389753
2025-08-09 23:50:00,37.99273644783732,1.9563058638895732,73.93948950061313
2025-08-10 00:50:00,37.9799160293791,3.1668528136905105,73.41911142135704
2025-08-10 01:50:00,37.53288737221516,2.52352259376271,77.06958526584579
2025-08-10 02:50:00,35.68686663739467,-0.806140403205206,68.01354984831089
2025-08-10 03:50:00,32.8514812046927,-0.7411582231658489,68.83539454800058
2025-08-10 04:50:00,30.420254414644717,-4.914955424417276,67.20615702175398
2025-08-10 05:50:00,29.40717269551064,-7.1070289598919745,60.36217588120006
2025-08-10 06:50:00,29.476013909803463,-3.8540785780429183,63.59038415425251
2025-08-10 07:50:00,29.327167578406616,-5.723120508779885,62.89120849941827
2025-08-10 08:50:00,28.041864147322713,-6.1652143098522005,65.2007223963107
2025-08-10 09:50:00,26.024426278953133,-9.129109233844494,62.38698896857705
2025-08-10 10:50:00,24.590610406534342,-11.035211989618176,62.62448526788021
2025-08-10 11:50:00,24.614872611094363,-8.254166929028942,59.15142674584017
2025-08-10 12:50:00,25.601652949289686,-7.805595793399644,57.724929806398194
2025-08-10 13:50:00,26.099785710675242,-8.856367733190778,59.73130699758037
2025-08-10 14:50:00,25.17410510487737,-9.661902643452269,58.79049232891817
2025-08-10 15:50:00,23.2740063109918,-10.379566087966236,58.36977889598068
2025-08-10 16:50:00,21.822883357443963,-13.819453546909093,59.43031255015479
2025-08-10 17:50:00,21.815360420677177,-13.309152987320623,57.88920582137155
2025-08-10 18:50:00,22.840342238672445,-10.482256179184354,56.8996909123837
2025-08-10 19:50:00,23.499262999212377,-12.121507716938016,57.931847799282025
2025-08-10 20:50:00,22.801634962097438,-10.6659130317712,58.78363474732648
2025-08-10 21:50:00,21.14862830530667,-13.469607595770293,55.06279148394584
2025-08-10 22:50:00,19.928298664743398,-17.44117284887065,54.735654398859715
2025-08-10 23:50:00,20.13061800176632,-14.817129758706537,54.9927321736887
2025-08-11 00:50:00,21.365286072608964,-15.907819472025094,56.41554352502036
2025-08-11 01:50:00,22.25949082438421,-11.85837939070346,59.57147403576439
2025-08-11 02:50:00,21.834280159383937,-13.697118556464279,59.11073479281971
2025-08-11 03:50:00,20.484487675339967,-14.707972836539426,56.746646102529766
2025-08-11 04:50:00,19.588400688729994,-15.921355916568247,56.84592583788684
2025-08-11 05:50:00,20.14451433340718,-16.250114131907562,56.030309116797035
2025-08-11 06:50:00,21.801048220875597,-14.088246687565471,56.910287620580945
2025-08-11 07:50:00,23.2429539641518,-12.092993832620689,58.88216605672111
2025-08-11 08:50:00,23.536328398316726,-10.344393036466014,59.776529530800474
2025-08-11 09:50:00,23.070843200933748,-13.23522324939077,57.68734175972715
2025-08-11 10:50:00,23.148256947520768,-10.94399435938326,57.06066437801086
2025-08-11 11:50:00,24.6298415743331,-12.075324059772766,57.657475247563745
2025-08-11 12:50:00,27.00781541626261,-5.85638150879464,62.51805876939533
2025-08-11 13:50:00,28.847908396598477,-5.960607680500963,64.42917692615926
2025-08-11 14:50:00,29.17702777039265,-5.261098624989458,63.688960435921
2025-08-11 15:50:00,28.435981897995568,-6.107279507126724,64.02382559062067
2025-08-11 16:50:00,28.040983354740625,-9.026329292988887,63.66019550569396
2025-08-11 17:50:00,28.98094647983448,-3.804051839765677,65.91943278819141
2025-08-11 18:50:00,30.840584441824404,-3.0206019716698993,64.16105382895479
2025-08-11 19:50:00,32.21868470900936,-3.908174533965264,66.87757154622204
2025-08-11 20:50:00,32.123663973872056,-2.6806452810013623,65.50031570901749
2025-08-11 21:50:00,30.95713406837701,-5.680402651316721,67.6710698124535
2025-08-11 22:50:00,30.109095646329635,-4.851823648763686,64.73746164726695
2025-08-11 23:50:00,30.572915828621007,-4.446328420600649,64.38502933263482
2025-08-12 00:50:00,31.96306789284823,-2.350029329790388,66.73135089820248
2025-08-12 01:50:00,32.9128023736519,-1.8783569857994145,67.9277992269669
2025-08-12 02:50:00,32.45041328144392,-4.13739901947725,66.32226383630068
2025-08-12 03:50:00,30.979043515782692,-3.944629575053777,65.69657037718889
2025-08-12 04:50:00,29.886219435493235,-3.5155869196860157,67.52082092407605
2025-08-12 05:50:00,30.180460198264726,-4.3708961504631745,66.15252233774234
2025-08-12 06:50:00,31.520640314702423,-4.603923153473173,65.36102624310375
2025-08-12 07:50:00,32.60283579406646,-1.451032204164912,69.4358340878485
2025-08-12 08:50:00,32.504570879423945,-1.1729450052061132,66.82882844070903
2025-08-12 09:50:00,31.62707829664508,-1.8281764122291688,67.25945498929899
2025-08-12 10:50:00,31.283641310155048,-3.8944931563339362,66.71010011043812
2025-08-12 11:50:00,32.3468518135253,-2.8042116366701606,67.93614265905109
2025-08-12 12:50:00,34.31987885684239,2.4687195153685666,68.38835308193809
2025-08-12 13:50:00,35.778875361882484,0.726216235593619,68.23165272147291
2025-08-12 14:50:00,35.76049352123502,0.10722623665471488,72.67178017699236
2025-08-12 15:50:00,34.7144683427141,0.7795809595844269,69.74127511079372
2025-08-12 16:50:00,34.064992491011125,-0.7740860100924908,68.84470616073747
2025-08-12 17:50:00,34.8078992219253,-2.070108840360522,71.51106427741831
2025-08-12 18:50:00,36.53365999143247,1.2034817160770348,71.78780953310988
2025-08-12 19:50:00,37.84557694154114,5.376831638360562,73.91946860212583
2025-08-12 20:50:00,37.75527239811629,2.059282540238197,70.14807536671906
2025-08-12 21:50:00,36.66620778395888,1.8279366545747142,73.01989470860119
2025-08-12 22:50:00,35.96884933881276,-0.5342024593815214,69.92717856646703
2025-08-12 23:50:00,36.65563721363652,3.788075131105427,73.68638968676473
2025-08-13 00:50:00,38.33873613544023,5.0630495678859635,73.36918064609961
2025-08-13 01:50:00,39.64773686744042,5.084201618921121,73.66025365219969
2025-08-13 02:50:00,39.60597177833078,5.2899985485147205,76.8911911263167
2025-08-13 03:50:00,38.6103879523019,4.260605211494292,71.2022882742605
2025-08-13 04:50:00,38.04116691674865,4.833497764520759,72.66023057832173
2025-08-13 05:50:00,38.89843548628523,3.001756712952464,75.20724790570634
2025-08-13 06:50:00,40.83174483897405,8.253320813648072,73.08941753583055
2025-08-13 07:50:00,42.527046672327856,4.453863177025847,77.58879641880333
2025-08-13 08:50:00,43.051081731949175,6.595032964303502,75.32141653764204
2025-08-13 09:50:00,42.79379177276488,8.055574117147886,78.39810680951301
2025-08-13 10:50:00,43.056821249245715,5.489203141668139,77.46189609937547
2025-08-13 11:50:00,44.70094085995757,7.5591603898931155,79.1033909786295
2025-08-13 12:50:00,47.217485163138036,13.800643046763248,80.50738994553095
2025-08-13 13:50:00,49.17092977837794,14.998429859216541,83.43657495521941
2025-08-13 14:50:00,49.58657641091733,16.83584902475758,84.75576681602553
2025-08-13 15:50:00,48.903302904964505,13.686231658495231,86.13213267455453
2025-08-13 16:50:00,48.53509925801882,13.608323895876246,81.63351224071118
2025-08-13 17:50:00,49.46840423456014,12.642618142784627,84.85450509776263
2025-08-13 18:50:00,51.285247097079846,19.192974811129098,89.39609327444803
2025-08-13 19:50:00,52.581572704254455,16.95773915728147,86.4151489681324
2025-08-13 20:50:00,52.36285031169375,16.47838421674287,84.44468691423535
2025-08-13 21:50:00,51.02769683431191,14.88104702116793,86.50491160874628
2025-08-13 22:50:00,49.96313051442697,17.3000028135593,85.9086651385307
2025-08-13 23:50:00,50.159610317194286,16.46858854402187,84.72606625321718
2025-08-14 00:50:00,51.228838227576475,15.046394103926175,85.88791069781932
2025-08-14 01:50:00,51.80149289140607,16.182515657097003,87.30098569261399
2025-08-14 02:50:00,50.903557374767004,13.89066851480903,85.92342811463152
2025-08-14 03:50:00,48.93618419273955,14.178864989870988,84.79215777724386
2025-08-14 04:50:00,47.28528666009548,12.01707618616198,82.73769011098983
2025-08-14 05:50:00,46.95820130097474,10.851582049844884,83.26951089682949
2025-08-14 06:50:00,47.61309892515196,10.05557568892478,81.2364544162963
2025-08-14 07:50:00,47.94587396878154,14.640064793066584,82.2342969152049
2025-08-14 08:50:00,47.03442837950242,14.198620907176391,81.78062001191168
2025-08-14 09:50:00,45.28096232780145,7.454472479795891,78.73197106408296
2025-08-14 10:50:00,44.00033948124972,11.747150890227793,78.70391867721835
2025-08-14 11:50:00,44.06736060008842,8.747497563703167,75.7600704457541
2025-08-14 12:50:00,44.98803948892541,9.663779840359334,80.69178251410092
2025-08-14 13:50:00,45.342008791295314,7.613421763313754,80.35778589082518
2025-08-14 14:50:00,44.170025966495274,12.039678390202617,77.51317867853842
2025-08-14 15:50:00,41.92653886339733,7.738645619947612,77.86349294154634
2025-08-14 16:50:00,40.04103411398578,5.25007651178989,76.03992145923289
2025-08-14 17:50:00,39.515185317340915,5.338684799797226,73.02929332558118
2025-08-14 18:50:00,39.94580789089502,3.7849012300699805,76.14068266576034
2025-08-14 19:50:00,39.94300118767045,4.604390196967234,76.54175824698375
2025-08-14 20:50:00,38.52558051925917,4.590607477369575,75.75000403589517
2025-08-14 21:50:00,36.1045320869391,1.6024286029282975,71.24864773892646
2025-08-14 22:50:00,34.07810890818645,0.8132638317631963,69.3568688601822
2025-08-14 23:50:00,33.446725079083066,-2.1105406832284808,65.85716158861656
2025-08-15 00:50:00,33.830627418836904,-0.8323373561630497,69.60413967139881
2025-08-15 01:50:00,33.86751463731512,1.5890351797315592,69.18662145178551
2025-08-15 02:50:00,32.58876830210758,-3.957434868338427,65.54351350421845
2025-08-15 03:50:00,30.399240044760774,-5.877043518233528,67.89008665954175
2025-08-15 04:50:00,28.68678512070389,-4.623678671741634,64.39372046417549
2025-08-15 05:50:00,28.458887868806368,-6.404161614968577,61.75459629124562
2025-08-15 06:50:00,29.37205724196972,-7.383414482433722,65.14693493644396
2025-08-15 07:50:00,30.118722299672914,-6.094294841206876,63.928236539303384
2025-08-15 08:50:00,29.771543972300524,-3.146302529655471,66.7746345145943
2025-08-15 09:50:00,28.72575514073532,-7.50190560845249,64.44054801002608
2025-08-15 10:50:00,28.287596261131203,-5.82465968924602,60.74632112146585
2025-08-15 11:50:00,29.321679530412197,-5.180729088318851,63.80270739013329
2025-08-15 12:50:00,31.322374609143896,-2.46357777071051,66.56082327438934
2025-08-15 13:50:00,32.8563421354993,-2.6892702940509654,69.15212915011593
2025-08-15 14:50:00,32.9501838865931,-3.1118905329071245,70.17709574235347
2025-08-15 15:50:00,32.04316732238808,-1.1037785672331903,67.2372074808215
2025-08-15 16:50:00,31.548745856246704,0.5682644421825304,70.40546518443861
2025-08-15 17:50:00,32.45188979509638,-0.714005709445961,66.27987981672118
2025-08-15 18:50:00,34.332232649971864,-0.2817423352050263,67.97349253525803
2025-08-15 19:50:00,35.78241113182219,2.1615371176917764,69.67409912696996
2025-08-15 20:50:00,35.803699107736975,4.242813930744411,70.06682899016864
2025-08-15 21:50:00,34.78966609442069,-1.584540060189083,72.12882711686098
2025-08-15 22:50:00,34.121475932064406,-1.1397139855084728,69.73015767375624
2025-08-15 23:50:00,34.78298053709232,0.36470444996799467,73.7369543944013
2025-08-16 00:50:00,36.37858537509325,1.553598042549876,72.96864385310116
2025-08-16 01:50:00,37.53105445234451,1.6903730590311374,70.9691593300128
2025-08-16 02:50:00,37.25791685833671,2.0801734698421543,72.17042033508024
2025-08-16 03:50:00,35.9514171733117,1.9659993290072961,70.79067647746912
2025-08-16 04:50:00,34.98819787705524,0.12044315064621665,70.7504656890356
2025-08-16 05:50:00,35.3660575028507,0.4175091769202823,71.3047572952867
2025-08-16 06:50:00,36.73346109707549,1.4874362338786729,72.62098814992665
2025-08-16 07:50:00,37.77653147928832,3.5386100778473213,70.98639172584136
2025-08-16 08:50:00,37.56343645144466,4.029543441608756,70.61999039897054
2025-08-16 09:50:00,36.486783080660274,3.1040008896008966,70.19679129612646
2025-08-16 10:50:00,35.85208562681983,0.7926505013937979,72.33219643984418
2025-08-16 11:50:00,36.52513971653375,1.5000470048729009,71.85377520896245
2025-08-16 12:50:00,38.00339565706561,2.620019436367037,75.60954825513086
2025-08-16 13:50:00,38.858457271541816,3.517452726225811,72.82461591690046
2025-08-16 14:50:00,38.123675533760576,4.237497086501125,73.52932751654431
2025-08-16 15:50:00,36.246795417463446,2.873591425919666,72.10142316550072
2025-08-16 16:50:00,34.65137825009697,-1.0554999899131463,71.23885373408446
2025-08-16 17:50:00,34.3340156954777,1.573319584339372,70.98934858639808
2025-08-16 18:50:00,34.8873414846435,-0.16125160358131913,69.0081873337921
2025-08-16 19:50:00,34.918220838872195,1.169470497326224,69.79834004060449
2025-08-16 20:50:00,33.44321967963432,-2.3843446033120252,66.7676110118529
2025-08-16 21:50:00,30.87208619647039,-3.831294108366394,62.90290022874072
2025-08-16 22:50:00,28.602862552245284,-5.122334655741562,63.70070853461015
2025-08-16 23:50:00,27.636783880868634,-4.426064914167142,62.34572843630475
2025-08-17 00:50:00,27.595943566003587,-9.711488984432663,61.33583845244286
2025-08-17 01:50:00,27.12089501238805,-7.050382029126625,61.863716129737234
2025-08-17 02:50:00,25.246854381210227,-9.562694525787517,60.94818441896424
2025-08-17 03:50:00,22.38344905208744,-9.823735419846995,55.812397682877915
2025-08-17 04:50:00,19.924202365730373,-14.64067235385334,52.970122712752826
2025-08-17 05:50:00,18.88310075014369,-12.419649675754117,54.74048328574133
2025-08-17 06:50:00,18.92392206805401,-15.297027050795657,53.073471347283885
2025-08-17 07:50:00,18.747055840270704,-17.789015405254368,55.936746367138994
2025-08-17 08:50:00,17.4337325127999,-17.393862157961223,50.434346947250916
2025-08-17 09:50:00,15.388274748091385,-17.31388919150286,50.261191430427985
2025-08-17 10:50:00,13.92643897925037,-20.407308372241868,50.69665060117705
2025-08-17 11:50:00,13.922681287449304,-21.934133750664152,49.11846186580422
2025-08-17 12:50:00,14.88144172925794,-20.36225325808729,51.52549278566698
2025-08-17 13:50:00,15.379574490637246,-19.52523880572676,52.228423536759465
